{"cameraMode":{"drawMode":0,"name":"Shaded","section":"Shading Mode"},"sceneLighting":true,"audioPlay":false,"sceneViewState":{"showFog":true,"showMaterialUpdate":false,"showSkybox":true,"showFlares":true,"showImageEffects":true,"showParticleSystems":true},"in2DMode":false,"pivot":{"x":27.365215301513673,"y":4.758502960205078,"z":-44.2609977722168},"rotation":{"x":-0.014637221582233906,"y":0.8539680242538452,"z":0.02408893033862114,"w":0.5196071863174439},"size":96.85581970214844,"orthographic":false}